<?xml version="1.0" encoding="UTF-8"?>
<beans xmlns="http://www.springframework.org/schema/beans"
    xmlns:xsi="http://www.w3.org/2001/XMLSchema-instance"
    xmlns:aop="http://www.springframework.org/schema/aop"
    xmlns:tx="http://www.springframework.org/schema/tx"
    xsi:schemaLocation="
    http://www.springframework.org/schema/beans http://www.springframework.org/schema/beans/spring-beans-2.0.xsd
    http://www.springframework.org/schema/tx http://www.springframework.org/schema/tx/spring-tx-2.0.xsd
    http://www.springframework.org/schema/aop http://www.springframework.org/schema/aop/spring-aop-2.0.xsd">

	<bean id="TransactionManager" class="com.synyx.springtest.dao.transaction.LoggerTransactionManager" />
	
	<aop:config>
        <aop:pointcut id="ServiceLayer" expression="execution(* com.synyx.springtest.service.*.*(..))"/>
        <aop:advisor pointcut-ref="ServiceLayer" advice-ref="Transactions"/>
    </aop:config>
	
	<tx:advice id="Transactions" transaction-manager="TransactionManager">
		<tx:attributes>
			<tx:method name="place*" propagation="REQUIRED"/>
			<tx:method name="get*" propagation="REQUIRED" read-only="true" />
		</tx:attributes>
	</tx:advice>
	
</beans>
