<?xml version="1.0" encoding="UTF-8"?>
<beans xmlns="http://www.springframework.org/schema/beans"
	xmlns:xsi="http://www.w3.org/2001/XMLSchema-instance"
	xsi:schemaLocation="http://www.springframework.org/schema/beans http://www.springframework.org/schema/beans/spring-beans-2.0.xsd">

	<bean name="/placeOrder.do"
		class="com.synyx.springtest.web.PlaceOrderController">

		<property name="orderService" ref="OrderService" />

		<property name="formView" value="placeOrderForm" />
		<property name="successView" value="placeOrderForm" />
		<property name="commandName" value="order" />
		<property name="commandClass" value="com.synyx.springtest.domain.Order" />
	</bean>

	<bean id="viewResolver"
		class="org.springframework.web.servlet.view.UrlBasedViewResolver">
		<property name="viewClass" value="org.springframework.web.servlet.view.JstlView"/>
		<property name="prefix" value="/WEB-INF/jsp/" />
		<property name="suffix" value=".jsp" />
	</bean>
	
	<bean id="messageSource" class="org.springframework.context.support.ReloadableResourceBundleMessageSource">
		<property name="cacheSeconds" value="2"/>
		<property name="basename" value="WEB-INF/messages"/>
	</bean>

</beans>
